"File","Line","Who","How to say it","Where it’s heard","Record first","Done"
"001","Butterfly Garden!","Narrator","Announcing the game’s name, excited, like the start of a show.","Shared lines: Butterfly Garden: Title screen; Sticker book: The sticker book: a game’s page","yes",""
"002","A butterfly!","Narrator","Naming it with a big smile, like showing a picture in a book. Short and punchy.","Shared lines: Butterfly Garden: Life cycle: the butterfly; Sticker book: The sticker book: naming a sticker","yes",""
"003","Yay!","Narrator","Big, genuine delight: smile while you say it.","Shared lines: Butterfly Garden: Dot the ladybug cheering; Little Bakery: Cheering; Colour Splash: Cheering; Little Fishing Pond: Cheering; Leapy Pond: Cheering; Unicorn Dash: Cheering; Ducky Bath: Cheering; Postie Pip: Cheering","yes",""
"004","One!","Narrator","Counting along, bright and clear, a little bounce. Keep the same energy for every number so they sound good in a row (one, two, three...).","Shared lines: Butterfly Garden: Counting; Little Bakery: Counting; Little Fishing Pond: Counting fish into the bucket; Leapy Pond: Counting hops; Unicorn Dash: Counting jumps; Ducky Bath: Counting","yes",""
"005","Two!","Narrator","Counting along, bright and clear, a little bounce. Keep the same energy for every number so they sound good in a row (one, two, three...).","Shared lines: Butterfly Garden: Counting; Little Bakery: Counting; Little Fishing Pond: Counting fish into the bucket; Leapy Pond: Counting hops; Unicorn Dash: Counting jumps; Ducky Bath: Counting","yes",""
"006","Three!","Narrator","Counting along, bright and clear, a little bounce. Keep the same energy for every number so they sound good in a row (one, two, three...).","Shared lines: Butterfly Garden: Counting; Little Bakery: Counting; Little Fishing Pond: Counting fish into the bucket; Leapy Pond: Counting hops; Unicorn Dash: Counting jumps; Ducky Bath: Counting","yes",""
"007","Four!","Narrator","Counting along, bright and clear, a little bounce. Keep the same energy for every number so they sound good in a row (one, two, three...).","Shared lines: Butterfly Garden: Counting; Little Bakery: Counting; Little Fishing Pond: Counting fish into the bucket; Leapy Pond: Counting hops; Unicorn Dash: Counting jumps; Ducky Bath: Counting","yes",""
"008","Five!","Narrator","Counting along, bright and clear, a little bounce. Keep the same energy for every number so they sound good in a row (one, two, three...).","Shared lines: Butterfly Garden: Counting; Little Bakery: Counting; Little Fishing Pond: Counting fish into the bucket; Leapy Pond: Counting hops; Unicorn Dash: Counting jumps; Ducky Bath: Counting","yes",""
"009","A sticker for your book!","Narrator","Showing something off: “look what it is!”, happy and clear.","Shared lines: Butterfly Garden: Earning a sticker for the sticker book; Little Bakery: Earning a sticker for the sticker book; Colour Splash: Earning a sticker for the sticker book; Little Fishing Pond: Earning a sticker for the sticker book; Leapy Pond: Earning a sticker for the sticker book; Unicorn Dash: Earning a sticker for the sticker book; Ducky Bath: Earning a sticker for the sticker book; Postie Pip: Earning a sticker for the sticker book","yes",""
"010","Pink!","Narrator","Naming the colour, bright and clear, a little pleased.","Shared lines: Little Bakery: Naming colours; Colour Splash: Naming colours; Leapy Pond: Naming the colour; Unicorn Dash: Naming the colour; Ducky Bath: Naming the colour","yes",""
"011","Yellow!","Narrator","Naming the colour, bright and clear, a little pleased.","Shared lines: Little Bakery: Naming colours; Colour Splash: Naming colours; Leapy Pond: Naming the colour; Unicorn Dash: Naming the colour","yes",""
"012","Blue!","Narrator","Naming the colour, bright and clear, a little pleased.","Shared lines: Little Bakery: Naming colours; Colour Splash: Naming colours; Leapy Pond: Naming the colour; Unicorn Dash: Naming the colour; Ducky Bath: Naming the colour","yes",""
"013","Green!","Narrator","Naming the colour, bright and clear, a little pleased.","Shared lines: Little Bakery: Naming colours; Colour Splash: Naming colours","yes",""
"014","Purple!","Narrator","Naming the colour, bright and clear, a little pleased.","Shared lines: Little Bakery: Naming colours; Colour Splash: Naming colours; Leapy Pond: Naming the colour; Unicorn Dash: Naming the colour; Ducky Bath: Naming the colour","yes",""
"015","Look! Something new!","Narrator","Excited discovery: “look at this!”.","Shared lines: Little Bakery: A shop surprise unlocked; Colour Splash: A gallery surprise unlocked; Little Fishing Pond: A fish tank surprise unlocked; Unicorn Dash: Something new to wear","yes",""
"016","Colour Splash!","Narrator","Announcing the game’s name, excited, like the start of a show.","Shared lines: Colour Splash: Title screen; Sticker book: The sticker book: a game’s page","yes",""
"017","Fishy!","Narrator","Naming it with a big smile, like showing a picture in a book. Short and punchy.","Shared lines: Colour Splash: Naming pictures; Leapy Pond: A fish jumps","yes",""
"018","Red!","Narrator","Naming the colour, bright and clear, a little pleased.","Shared lines: Colour Splash: Naming colours; Leapy Pond: Naming the colour; Unicorn Dash: Naming the colour; Ducky Bath: Naming the colour","yes",""
"019","Orange!","Narrator","Naming the colour, bright and clear, a little pleased.","Shared lines: Colour Splash: Naming colours; Leapy Pond: Naming the colour; Unicorn Dash: Naming the colour; Ducky Bath: Naming the colour","yes",""
"020","Wow!","Narrator","Big, genuine delight: smile while you say it.","Shared lines: Colour Splash: Cheering while painting; Little Fishing Pond: Cheering; Leapy Pond: Cheering; Unicorn Dash: Cheering; Ducky Bath: Cheering; Postie Pip: Cheering","yes",""
"021","You did it!","Narrator","Big, genuine delight: smile while you say it.","Shared lines: Colour Splash: A picture is finished; Leapy Pond: Cheering; Unicorn Dash: Cheering; Ducky Bath: Cheering; Postie Pip: Cheering","yes",""
"022","A goldfish!","Narrator","Naming it with a big smile, like showing a picture in a book. Short and punchy.","Shared lines: Little Fishing Pond: Naming the fish; Sticker book: The sticker book: naming a sticker","yes",""
"023","A rainbow fish!","Narrator","Naming it with a big smile, like showing a picture in a book.","Shared lines: Little Fishing Pond: Naming the fish; Sticker book: The sticker book: naming a sticker","yes",""
"024","Well done!","Narrator","Big, genuine delight: smile while you say it.","Shared lines: Little Fishing Pond: Cheering; Leapy Pond: Cheering; Unicorn Dash: Cheering; Ducky Bath: Cheering; Postie Pip: Cheering","yes",""
"025","Ribbit!","Hoppy the frog","Bouncy and croaky, a bit of a frog voice.","Shared lines: Little Fishing Pond: Tapping the frog; Leapy Pond: Tapping Hoppy","yes",""
"026","Quack quack!","Narrator","Have fun with the animal noise or sound effect: ham it up!","Shared lines: Little Fishing Pond: Tapping the duck; Ducky Bath: Tapping Ducky","yes",""
"027","Hello, turtle!","Narrator","A warm hello, like greeting a friend at the door.","Shared lines: Little Fishing Pond: Tapping the turtle; Leapy Pond: Pond friends","yes",""
"028","Leapy Pond!","Narrator","Announcing the game’s name, excited, like the start of a show.","Shared lines: Leapy Pond: Title screen; Sticker book: The sticker book: a game’s page","yes",""
"029","Wheee!","Narrator","A playful sound-effect word: bouncy, matching the action.","Shared lines: Leapy Pond: Hoppy jumps; Unicorn Dash: Sparkle jumps; Ducky Bath: Splashing","yes",""
"030","Splish splash!","Narrator","A playful sound-effect word: bouncy, matching the action.","Shared lines: Leapy Pond: Tapping the water; Unicorn Dash: Running through a puddle; Ducky Bath: Splashing","yes",""
"031","That one's red!","Narrator","Kind and matter-of-fact: never disappointed. It’s just telling them what that one is. (The question is asked again straight after.)","Shared lines: Leapy Pond: Tapping another colour; Unicorn Dash: Tapping another colour; Ducky Bath: Tapping another colour","yes",""
"032","That one's orange!","Narrator","Kind and matter-of-fact: never disappointed. It’s just telling them what that one is. (The question is asked again straight after.)","Shared lines: Leapy Pond: Tapping another colour; Unicorn Dash: Tapping another colour; Ducky Bath: Tapping another colour","yes",""
"033","That one's yellow!","Narrator","Kind and matter-of-fact: never disappointed. It’s just telling them what that one is. (The question is asked again straight after.)","Shared lines: Leapy Pond: Tapping another colour; Unicorn Dash: Tapping another colour","yes",""
"034","That one's blue!","Narrator","Kind and matter-of-fact: never disappointed. It’s just telling them what that one is. (The question is asked again straight after.)","Shared lines: Leapy Pond: Tapping another colour; Unicorn Dash: Tapping another colour; Ducky Bath: Tapping another colour","yes",""
"035","That one's purple!","Narrator","Kind and matter-of-fact: never disappointed. It’s just telling them what that one is. (The question is asked again straight after.)","Shared lines: Leapy Pond: Tapping another colour; Unicorn Dash: Tapping another colour; Ducky Bath: Tapping another colour","yes",""
"036","That one's pink!","Narrator","Kind and matter-of-fact: never disappointed. It’s just telling them what that one is. (The question is asked again straight after.)","Shared lines: Leapy Pond: Tapping another colour; Unicorn Dash: Tapping another colour; Ducky Bath: Tapping another colour","yes",""
"037","Six!","Narrator","Counting along, bright and clear, a little bounce. Keep the same energy for every number so they sound good in a row (one, two, three...).","Shared lines: Leapy Pond: Counting hops; Unicorn Dash: Counting jumps; Ducky Bath: Counting","yes",""
"038","Seven!","Narrator","Counting along, bright and clear, a little bounce. Keep the same energy for every number so they sound good in a row (one, two, three...).","Shared lines: Leapy Pond: Counting hops; Unicorn Dash: Counting jumps; Ducky Bath: Counting","yes",""
"039","Eight!","Narrator","Counting along, bright and clear, a little bounce. Keep the same energy for every number so they sound good in a row (one, two, three...).","Shared lines: Leapy Pond: Counting hops; Unicorn Dash: Counting jumps; Ducky Bath: Counting","yes",""
"040","Nine!","Narrator","Counting along, bright and clear, a little bounce. Keep the same energy for every number so they sound good in a row (one, two, three...).","Shared lines: Leapy Pond: Counting hops; Unicorn Dash: Counting jumps; Ducky Bath: Counting","yes",""
"041","Ten!","Narrator","Counting along, bright and clear, a little bounce. Keep the same energy for every number so they sound good in a row (one, two, three...).","Shared lines: Leapy Pond: Counting hops; Unicorn Dash: Counting jumps; Ducky Bath: Counting","yes",""
"042","That's number one!","Narrator","Kind and matter-of-fact: never disappointed. It’s just telling them what that one is. (The question is asked again straight after.)","Shared lines: Leapy Pond: Tapping another number; Unicorn Dash: Tapping another number; Ducky Bath: Tapping another number","yes",""
"043","That's number two!","Narrator","Kind and matter-of-fact: never disappointed. It’s just telling them what that one is. (The question is asked again straight after.)","Shared lines: Leapy Pond: Tapping another number; Unicorn Dash: Tapping another number; Ducky Bath: Tapping another number","yes",""
"044","That's number three!","Narrator","Kind and matter-of-fact: never disappointed. It’s just telling them what that one is. (The question is asked again straight after.)","Shared lines: Leapy Pond: Tapping another number; Unicorn Dash: Tapping another number; Ducky Bath: Tapping another number","yes",""
"045","That's number four!","Narrator","Kind and matter-of-fact: never disappointed. It’s just telling them what that one is. (The question is asked again straight after.)","Shared lines: Leapy Pond: Tapping another number; Unicorn Dash: Tapping another number; Ducky Bath: Tapping another number","yes",""
"046","That's number five!","Narrator","Kind and matter-of-fact: never disappointed. It’s just telling them what that one is. (The question is asked again straight after.)","Shared lines: Leapy Pond: Tapping another number; Unicorn Dash: Tapping another number; Ducky Bath: Tapping another number","yes",""
"047","That's number six!","Narrator","Kind and matter-of-fact: never disappointed. It’s just telling them what that one is. (The question is asked again straight after.)","Shared lines: Leapy Pond: Tapping another number; Unicorn Dash: Tapping another number; Ducky Bath: Tapping another number","yes",""
"048","That's number seven!","Narrator","Kind and matter-of-fact: never disappointed. It’s just telling them what that one is. (The question is asked again straight after.)","Shared lines: Leapy Pond: Tapping another number; Unicorn Dash: Tapping another number; Ducky Bath: Tapping another number","yes",""
"049","That's number eight!","Narrator","Kind and matter-of-fact: never disappointed. It’s just telling them what that one is. (The question is asked again straight after.)","Shared lines: Leapy Pond: Tapping another number; Unicorn Dash: Tapping another number; Ducky Bath: Tapping another number","yes",""
"050","That's number nine!","Narrator","Kind and matter-of-fact: never disappointed. It’s just telling them what that one is. (The question is asked again straight after.)","Shared lines: Leapy Pond: Tapping another number; Unicorn Dash: Tapping another number; Ducky Bath: Tapping another number","yes",""
"051","That's number ten!","Narrator","Kind and matter-of-fact: never disappointed. It’s just telling them what that one is. (The question is asked again straight after.)","Shared lines: Leapy Pond: Tapping another number; Unicorn Dash: Tapping another number; Ducky Bath: Tapping another number","yes",""
"052","Nearly there!","Narrator","Encouraging and excited: something good is coming.","Shared lines: Leapy Pond: One hop to go; Unicorn Dash: Nearly at the end","yes",""
"053","A butterfly! Flutter flutter!","Narrator","Naming it with a big smile, like showing a picture in a book.","Shared lines: Leapy Pond: Pond friends; Unicorn Dash: Tapping a butterfly","yes",""
"054","Unicorn Dash!","Narrator","Announcing the game’s name, excited, like the start of a show.","Shared lines: Unicorn Dash: Title screen; Sticker book: The sticker book: a game’s page","yes",""
"055","Pop!","Narrator","A playful sound-effect word: bouncy, matching the action.","Shared lines: Unicorn Dash: A balloon pops; Ducky Bath: A bubble pops","yes",""
"056","A party hat!","Narrator","Naming it with a big smile, like showing a picture in a book.","Shared lines: Unicorn Dash: Presents; Sticker book: The sticker book: naming a sticker","yes",""
"057","Ducky Bath!","Narrator","Announcing the game’s name, excited, like the start of a show.","Shared lines: Ducky Bath: Title screen; Sticker book: The sticker book: a game’s page","yes",""
"058","Pirate Duck!","Narrator","Naming it with a big smile, like showing a picture in a book. Short and punchy.","Shared lines: Ducky Bath: Ducks; Sticker book: The sticker book: naming a sticker","yes",""
"059","Unicorn Duck!","Narrator","Naming it with a big smile, like showing a picture in a book. Short and punchy.","Shared lines: Ducky Bath: Ducks; Sticker book: The sticker book: naming a sticker","yes",""
"060","Golden Duck!","Narrator","Naming it with a big smile, like showing a picture in a book. Short and punchy.","Shared lines: Ducky Bath: Ducks; Sticker book: The sticker book: naming a sticker","yes",""
"061","Postie Pip!","Narrator","Announcing the game’s name, excited, like the start of a show.","Shared lines: Postie Pip: Title screen; Sticker book: The sticker book: a game’s page","yes",""
"062","Let's grow a butterfly!","Narrator","An invitation to do something: clear, warm and a little slower, so a 3-year-old can follow.","Butterfly Garden: Pressing play","",""
"063","Pick an egg!","Narrator","An invitation to do something: clear, warm and a little slower, so a 3-year-old can follow.","Butterfly Garden: Choosing an egg","",""
"064","Tap, tap, tap the egg!","Narrator","An invitation to do something: clear, warm and a little slower, so a 3-year-old can follow.","Butterfly Garden: Egg is ready to hatch","",""
"065","Achoo! Bless you, egg!","Narrator","Playful and comic: ham it up!","Butterfly Garden: Silly: the egg sneezes","",""
"066","Hello, little caterpillar!","Narrator","A warm hello, like greeting a friend at the door.","Butterfly Garden: Caterpillar hatches","",""
"067","The caterpillar is hungry! Tap some yummy food!","Narrator","An invitation to do something: clear, warm and a little slower, so a 3-year-old can follow.","Butterfly Garden: Feeding starts","",""
"068","Can I have the strawberry, please?","The caterpillar","A small, hopeful, hungry little voice. Stress the food.","Butterfly Garden: The caterpillar asks for a food","",""
"069","Can I have the orange, please?","The caterpillar","A small, hopeful, hungry little voice. Stress the food.","Butterfly Garden: The caterpillar asks for a food","",""
"070","Can I have the banana, please?","The caterpillar","A small, hopeful, hungry little voice. Stress the food.","Butterfly Garden: The caterpillar asks for a food","",""
"071","Can I have the pear, please?","The caterpillar","A small, hopeful, hungry little voice. Stress the food.","Butterfly Garden: The caterpillar asks for a food","",""
"072","Can I have the blueberries, please?","The caterpillar","A small, hopeful, hungry little voice. Stress the food.","Butterfly Garden: The caterpillar asks for a food","",""
"073","Can I have the grapes, please?","The caterpillar","A small, hopeful, hungry little voice. Stress the food.","Butterfly Garden: The caterpillar asks for a food","",""
"074","Can I have the watermelon, please?","The caterpillar","A small, hopeful, hungry little voice. Stress the food.","Butterfly Garden: The caterpillar asks for a food","",""
"075","That's a strawberry!","Narrator","Kind and matter-of-fact: never disappointed. It’s just telling them what that one is. (The question is asked again straight after.)","Butterfly Garden: Tapping a different food","",""
"076","That's an orange!","Narrator","Kind and matter-of-fact: never disappointed. It’s just telling them what that one is. (The question is asked again straight after.)","Butterfly Garden: Tapping a different food","",""
"077","That's a banana!","Narrator","Kind and matter-of-fact: never disappointed. It’s just telling them what that one is. (The question is asked again straight after.)","Butterfly Garden: Tapping a different food","",""
"078","That's a pear!","Narrator","Kind and matter-of-fact: never disappointed. It’s just telling them what that one is. (The question is asked again straight after.)","Butterfly Garden: Tapping a different food","",""
"079","Those are blueberries!","Narrator","Kind and matter-of-fact: never disappointed. It’s just telling them what that one is. (The question is asked again straight after.)","Butterfly Garden: Tapping a different food","",""
"080","Those are grapes!","Narrator","Kind and matter-of-fact: never disappointed. It’s just telling them what that one is. (The question is asked again straight after.)","Butterfly Garden: Tapping a different food","",""
"081","That's watermelon!","Narrator","Kind and matter-of-fact: never disappointed. It’s just telling them what that one is. (The question is asked again straight after.)","Butterfly Garden: Tapping a different food","",""
"082","What came first?","Narrator","An invitation to do something: clear, warm and a little slower, so a 3-year-old can follow.","Butterfly Garden: Putting the life cycle in order","",""
"083","What came next?","Narrator","An invitation to do something: clear, warm and a little slower, so a 3-year-old can follow.","Butterfly Garden: Putting the life cycle in order","",""
"084","An egg!","Narrator","Showing something off: “look what it is!”, happy and clear. Short and punchy.","Butterfly Garden: Life cycle: the egg","",""
"085","A caterpillar!","Narrator","Showing something off: “look what it is!”, happy and clear. Short and punchy.","Butterfly Garden: Life cycle: the caterpillar","",""
"086","A chrysalis!","Narrator","Showing something off: “look what it is!”, happy and clear. Short and punchy.","Butterfly Garden: Life cycle: the chrysalis","",""
"087","Egg, caterpillar, chrysalis, butterfly! You did it!","Narrator","Say the four steps slowly and clearly, like a little chant, then celebrate.","Butterfly Garden: The life cycle is in order","",""
"088","Ooh, sparkly!","Narrator","Big, playful surprise.","Butterfly Garden: Eating the rare golden leaf","",""
"089","I'm so full! Time for a nap.","The caterpillar","Full and sleepy; “Excuse me!” comes after a burp, a bit embarrassed and giggly.","Butterfly Garden: Done eating","",""
"090","Excuse me!","The caterpillar","Full and sleepy; “Excuse me!” comes after a burp, a bit embarrassed and giggly.","Butterfly Garden: Silly: the caterpillar burps","",""
"091","Tap to wrap it up!","Narrator","An invitation to do something: clear, warm and a little slower, so a 3-year-old can follow.","Butterfly Garden: Making the chrysalis","",""
"092","Pick a sticker!","Narrator","An invitation to do something: clear, warm and a little slower, so a 3-year-old can follow.","Butterfly Garden: Decorating the chrysalis","",""
"093","Shh. Night night! Tap the stars.","Narrator","An invitation to do something: clear, warm and a little slower, so a 3-year-old can follow.","Butterfly Garden: Night time","",""
"094","A shooting star! Make a wish!","Narrator","Showing something off: “look what it is!”, happy and clear.","Butterfly Garden: Silly: shooting star at night","",""
"095","Good morning! Something is wiggling! Tap, tap, tap!","Narrator","An invitation to do something: clear, warm and a little slower, so a 3-year-old can follow.","Butterfly Garden: Morning, ready to hatch","",""
"096","Wow! A beautiful butterfly!","Narrator","Big, genuine delight: smile while you say it.","Butterfly Garden: Butterfly appears","yes",""
"097","Great job!","Narrator","Big, genuine delight: smile while you say it.","Butterfly Garden: After the butterfly appears","",""
"098","A new one for your book!","Narrator","Showing something off: “look what it is!”, happy and clear.","Butterfly Garden: A new kind of butterfly","",""
"099","You filled your whole butterfly book! Hooray!","Narrator","Big, genuine delight: smile while you say it.","Butterfly Garden: Book complete","",""
"100","Your butterfly garden!","Narrator","Proud and inviting: showing them their collection.","Butterfly Garden: Opening the garden","",""
"101","Your garden is empty. Let's grow a butterfly!","Narrator","Proud and inviting: showing them their collection.","Butterfly Garden: Garden with no butterflies","",""
"102","Look! Something new in the garden!","Narrator","Excited discovery: “look at this!”.","Butterfly Garden: A garden surprise unlocked","",""
"103","Mmm, yummy nectar!","Narrator","Yummy and satisfied, a happy “mmm”.","Butterfly Garden: Feeding a butterfly a flower","",""
"104","Drag a flower to feed the butterflies!","Narrator","An invitation to do something: clear, warm and a little slower, so a 3-year-old can follow.","Butterfly Garden: Garden tip","",""
"105","Night night, garden!","Narrator","Soft and slow, a cosy bedtime voice.","Butterfly Garden: Garden switched to night","",""
"106","Good morning, garden!","Narrator","Soft and slow, a cosy bedtime voice.","Butterfly Garden: Garden switched to day","",""
"107","Your butterfly book!","Narrator","Proud and inviting: showing them their collection.","Butterfly Garden: Opening the book","",""
"108","Bakery!","Narrator","Announcing the game’s name, excited, like the start of a show.","Little Bakery: Title screen","",""
"109","Let's bake!","Narrator","An invitation to do something: clear, warm and a little slower, so a 3-year-old can follow.","Little Bakery: Pressing play","",""
"110","Hello, Bear!","Narrator","A warm hello, like greeting a friend at the door.","Little Bakery: Bear comes in","",""
"111","Hello, Hippo!","Narrator","A warm hello, like greeting a friend at the door.","Little Bakery: Hippo comes in","",""
"112","Hello, Bunny!","Narrator","A warm hello, like greeting a friend at the door.","Little Bakery: Bunny comes in","",""
"113","Hello, Piggy!","Narrator","A warm hello, like greeting a friend at the door.","Little Bakery: Piggy comes in","",""
"114","Hello, Elephant!","Narrator","A warm hello, like greeting a friend at the door.","Little Bakery: Elephant comes in","",""
"115","Hello, Dino!","Narrator","A warm hello, like greeting a friend at the door.","Little Bakery: Dino comes in","",""
"116","Hello, Owl!","Narrator","A warm hello, like greeting a friend at the door.","Little Bakery: Owl comes in","",""
"117","Hello, Kitty!","Narrator","A warm hello, like greeting a friend at the door.","Little Bakery: Kitty comes in","",""
"118","I would like…","The customer","Thinking dreamily about cake, trailing off as the picture appears.","Little Bakery: A customer says what they want","",""
"119","Please!","The customer","Happy and grateful, like a little animal who loves cake.","Little Bakery: After the customer’s wish","",""
"120","What shall we bake?","Narrator","An invitation to do something: clear, warm and a little slower, so a 3-year-old can follow.","Little Bakery: Choosing cake, cupcake or cookie","",""
"121","Cake!","Narrator","Naming it, yummy and pleased.","Little Bakery: Naming things","",""
"122","Cupcake!","Narrator","Naming it, yummy and pleased.","Little Bakery: Naming things","",""
"123","Cookie!","Narrator","Naming it, yummy and pleased.","Little Bakery: Naming things","",""
"124","Crack two eggs!","Narrator","An invitation to do something: clear, warm and a little slower, so a 3-year-old can follow. Stress “two”.","Little Bakery: The recipe card: eggs to count","",""
"125","Crack three eggs!","Narrator","An invitation to do something: clear, warm and a little slower, so a 3-year-old can follow. Stress “three”.","Little Bakery: The recipe card: eggs to count","",""
"126","Crack four eggs!","Narrator","An invitation to do something: clear, warm and a little slower, so a 3-year-old can follow. Stress “four”.","Little Bakery: The recipe card: eggs to count","",""
"127","Crack five eggs!","Narrator","An invitation to do something: clear, warm and a little slower, so a 3-year-old can follow. Stress “five”.","Little Bakery: The recipe card: eggs to count","",""
"128","Whoops! Come back, egg!","Narrator","Playful and comic: ham it up!","Little Bakery: Silly: an egg rolls away","",""
"129","Two shakes of sugar!","Narrator","An invitation to do something: clear, warm and a little slower, so a 3-year-old can follow. Stress “two”.","Little Bakery: The recipe card: shakes of sugar to count","",""
"130","Three shakes of sugar!","Narrator","An invitation to do something: clear, warm and a little slower, so a 3-year-old can follow. Stress “three”.","Little Bakery: The recipe card: shakes of sugar to count","",""
"131","Four shakes of sugar!","Narrator","An invitation to do something: clear, warm and a little slower, so a 3-year-old can follow. Stress “four”.","Little Bakery: The recipe card: shakes of sugar to count","",""
"132","Five shakes of sugar!","Narrator","An invitation to do something: clear, warm and a little slower, so a 3-year-old can follow. Stress “five”.","Little Bakery: The recipe card: shakes of sugar to count","",""
"133","Mmm, sweet!","Narrator","Yummy and satisfied, a happy “mmm”.","Little Bakery: After the sugar","",""
"134","Tap the flour!","Narrator","An invitation to do something: clear, warm and a little slower, so a 3-year-old can follow.","Little Bakery: Pouring the flour","",""
"135","Achoo! Bless you!","Pip the mouse chef","Silly and cheeky.","Little Bakery: Silly: the mouse sneezes","",""
"136","Pick a colour!","Narrator","An invitation to do something: clear, warm and a little slower, so a 3-year-old can follow.","Little Bakery: Choosing a colour","",""
"137","Chocolate!","Narrator","Naming the colour, bright and clear, a little pleased.","Little Bakery: Naming colours","yes",""
"138","Stir, stir, stir!","Narrator","An invitation to do something: clear, warm and a little slower, so a 3-year-old can follow.","Little Bakery: Stirring the bowl","",""
"139","Mmm! Tasty!","Pip the mouse chef","Silly and cheeky.","Little Bakery: Silly: the mouse tastes the batter","",""
"140","Pick a shape!","Narrator","An invitation to do something: clear, warm and a little slower, so a 3-year-old can follow.","Little Bakery: Choosing a shape","",""
"141","Circle!","Narrator","Naming the shape, clear and pleased.","Little Bakery: Naming shapes","",""
"142","Heart!","Narrator","Naming the shape, clear and pleased.","Little Bakery: Naming shapes","",""
"143","Star!","Narrator","Naming the shape, clear and pleased.","Little Bakery: Naming shapes","",""
"144","Square!","Narrator","Naming the shape, clear and pleased.","Little Bakery: Naming shapes","",""
"145","Triangle!","Narrator","Naming the shape, clear and pleased.","Little Bakery: Naming shapes","",""
"146","Close the oven!","Narrator","An invitation to do something: clear, warm and a little slower, so a 3-year-old can follow.","Little Bakery: Putting it in the oven","",""
"147","Tick, tock…","Narrator","Hushed and patient, trailing off: something is about to happen.","Little Bakery: Waiting for the oven","",""
"148","Ding! Open the oven!","Narrator","A playful sound-effect word: bouncy, matching the action.","Little Bakery: The oven is done","",""
"149","Whoa! So big!","Narrator","Playful and comic: ham it up!","Little Bakery: Silly: it puffs up too much","",""
"150","Pick the icing!","Narrator","An invitation to do something: clear, warm and a little slower, so a 3-year-old can follow.","Little Bakery: Choosing icing","",""
"151","Shake the sprinkles!","Narrator","An invitation to do something: clear, warm and a little slower, so a 3-year-old can follow.","Little Bakery: Sprinkles","",""
"152","What goes on top?","Narrator","An invitation to do something: clear, warm and a little slower, so a 3-year-old can follow.","Little Bakery: Choosing a topping","",""
"153","A cherry!","Narrator","Showing something off: “look what it is!”, happy and clear. Short and punchy.","Little Bakery: Cherry on top","",""
"154","A strawberry!","Narrator","Showing something off: “look what it is!”, happy and clear. Short and punchy.","Little Bakery: Strawberry on top","",""
"155","I'm two! Two candles, please!","The customer","Proudly telling their age (hold up fingers if it helps!), then asking nicely for the candles.","Little Bakery: The customer says how many candles","",""
"156","I'm three! Three candles, please!","The customer","Proudly telling their age (hold up fingers if it helps!), then asking nicely for the candles.","Little Bakery: The customer says how many candles","",""
"157","I'm four! Four candles, please!","The customer","Proudly telling their age (hold up fingers if it helps!), then asking nicely for the candles.","Little Bakery: The customer says how many candles","",""
"158","I'm five! Five candles, please!","The customer","Proudly telling their age (hold up fingers if it helps!), then asking nicely for the candles.","Little Bakery: The customer says how many candles","",""
"159","Blow out the candles!","Narrator","An invitation to do something: clear, warm and a little slower, so a 3-year-old can follow.","Little Bakery: After the candles are on","",""
"160","Tap to give it!","Narrator","An invitation to do something: clear, warm and a little slower, so a 3-year-old can follow.","Little Bakery: Serving the customer","",""
"161","Mmm! Yummy!","The customer","Happy and grateful, like a little animal who loves cake.","Little Bakery: A customer eats","",""
"162","Just what I wanted!","The customer","Happy and grateful, like a little animal who loves cake.","Little Bakery: It matched the wish","",""
"163","Thank you!","The customer","Happy and grateful, like a little animal who loves cake.","Little Bakery: The customer says thanks","",""
"164","Bye-bye!","The customer","Happy and grateful, like a little animal who loves cake.","Little Bakery: The customer leaves","",""
"165","Your bakery shop!","Narrator","Proud and inviting: showing them their collection.","Little Bakery: Opening the shop window","",""
"166","The shelves are empty. Let's bake!","Narrator","Cheerful, not sad: empty just means it’s time to go and play.","Little Bakery: Shop with no treats yet","",""
"167","Night night, bakery!","Narrator","Soft and slow, a cosy bedtime voice.","Little Bakery: Shop switched to night","",""
"168","Good morning, bakery!","Narrator","Soft and slow, a cosy bedtime voice.","Little Bakery: Shop switched to day","",""
"169","Let's paint!","Narrator","An invitation to do something: clear, warm and a little slower, so a 3-year-old can follow.","Colour Splash: Pressing play","",""
"170","Pick a picture!","Narrator","An invitation to do something: clear, warm and a little slower, so a 3-year-old can follow.","Colour Splash: Choosing a picture","",""
"171","More pictures!","Narrator","Excited discovery: “look at this!”.","Colour Splash: Showing the next pictures","",""
"172","Sunshine!","Narrator","Naming it with a big smile, like showing a picture in a book. Short and punchy.","Colour Splash: Naming pictures","",""
"173","Butterfly!","Narrator","Naming it with a big smile, like showing a picture in a book. Short and punchy.","Colour Splash: Naming pictures","",""
"174","House!","Narrator","Naming it with a big smile, like showing a picture in a book. Short and punchy.","Colour Splash: Naming pictures","",""
"175","Car! Beep beep!","Narrator","Have fun with the animal noise or sound effect: ham it up!","Colour Splash: Naming pictures","",""
"176","Flower!","Narrator","Naming it with a big smile, like showing a picture in a book. Short and punchy.","Colour Splash: Naming pictures","",""
"177","Kitty!","Narrator","Naming it with a big smile, like showing a picture in a book. Short and punchy.","Colour Splash: Naming pictures","",""
"178","Ice cream!","Narrator","Naming it with a big smile, like showing a picture in a book. Short and punchy.","Colour Splash: Naming pictures","",""
"179","Rainbow!","Narrator","Naming the colour, bright and clear, a little pleased.","Colour Splash: Naming pictures","yes",""
"180","Rocket!","Narrator","Naming it with a big smile, like showing a picture in a book. Short and punchy.","Colour Splash: Naming pictures","",""
"181","Duckie! Quack!","Narrator","Have fun with the animal noise or sound effect: ham it up!","Colour Splash: Naming pictures","",""
"182","Dino! Roar!","Narrator","Have fun with the animal noise or sound effect: ham it up!","Colour Splash: Naming pictures","",""
"183","Tap to paint!","Narrator","An invitation to do something: clear, warm and a little slower, so a 3-year-old can follow.","Colour Splash: Starting a picture","",""
"184","Brown!","Narrator","Naming the colour, bright and clear, a little pleased.","Colour Splash: Naming colours","yes",""
"185","Rainbow colours!","Narrator","Naming it with a big smile, like showing a picture in a book. Short and punchy.","Colour Splash: Naming colours","",""
"186","So pretty!","Narrator","Big, genuine delight: smile while you say it.","Colour Splash: Cheering while painting","",""
"187","Lovely colours!","Narrator","Big, genuine delight: smile while you say it.","Colour Splash: Cheering while painting","",""
"188","Let's mix a new colour! Tap the paint pots!","Narrator","An invitation to do something: clear, warm and a little slower, so a 3-year-old can follow.","Colour Splash: Mixing two colours before painting","",""
"189","Stir it up! Tap the bowl!","Narrator","An invitation to do something: clear, warm and a little slower, so a 3-year-old can follow.","Colour Splash: Stirring the colours together","",""
"190","Red and yellow make orange!","Narrator","Amazed, like a magic trick: build up to the new colour at the end and stress it.","Colour Splash: The colours mixed","",""
"191","Blue and yellow make green!","Narrator","Amazed, like a magic trick: build up to the new colour at the end and stress it.","Colour Splash: The colours mixed","",""
"192","Red and blue make purple!","Narrator","Amazed, like a magic trick: build up to the new colour at the end and stress it.","Colour Splash: The colours mixed","",""
"193","Magic!","Narrator","Big, genuine delight: smile while you say it.","Colour Splash: The magic star paints for you","",""
"194","Look! It's moving!","Narrator","Excited discovery: “look at this!”.","Colour Splash: The picture comes alive","",""
"195","Your pictures!","Narrator","Proud and inviting: showing them their collection.","Colour Splash: Opening the gallery","",""
"196","No pictures yet. Let's paint!","Narrator","Cheerful, not sad: empty just means it’s time to go and play.","Colour Splash: Gallery with no pictures yet","",""
"197","Splat!","Narrator","A playful sound-effect word: bouncy, matching the action.","Colour Splash: Tapping the gallery wall","",""
"198","Little Fishing Pond!","Narrator","Announcing the game’s name, excited, like the start of a show.","Little Fishing Pond: Title screen","",""
"199","Let's go fishing!","Narrator","An invitation to do something: clear, warm and a little slower, so a 3-year-old can follow.","Little Fishing Pond: Pressing play","",""
"200","Tap the water!","Narrator","An invitation to do something: clear, warm and a little slower, so a 3-year-old can follow.","Little Fishing Pond: Waiting to cast","",""
"201","Wait for a nibble…","Narrator","Hushed and patient, trailing off: something is about to happen.","Little Fishing Pond: The line is in the water","",""
"202","Nibble nibble!","Narrator","A playful sound-effect word: bouncy, matching the action.","Little Fishing Pond: Something is nibbling","",""
"203","You got one! Tap tap!","Narrator","Big, genuine delight: smile while you say it.","Little Fishing Pond: A fish is on the hook","",""
"204","Tap tap!","Narrator","An invitation to do something: clear, warm and a little slower, so a 3-year-old can follow.","Little Fishing Pond: Reminder to reel in","",""
"205","A blue fish!","Narrator","Naming it with a big smile, like showing a picture in a book.","Little Fishing Pond: Naming the fish","",""
"206","A red fish!","Narrator","Naming it with a big smile, like showing a picture in a book.","Little Fishing Pond: Naming the fish","",""
"207","A purple fish!","Narrator","Naming it with a big smile, like showing a picture in a book.","Little Fishing Pond: Naming the fish","",""
"208","A spotty fish!","Narrator","Naming it with a big smile, like showing a picture in a book.","Little Fishing Pond: Naming the fish","",""
"209","A stripy fish!","Narrator","Naming it with a big smile, like showing a picture in a book.","Little Fishing Pond: Naming the fish","",""
"210","A puffer fish! Puff!","Narrator","Naming it with a big smile, like showing a picture in a book.","Little Fishing Pond: Naming the fish","",""
"211","A whiskery catfish!","Narrator","Naming it with a big smile, like showing a picture in a book.","Little Fishing Pond: Naming the fish","",""
"212","A teeny tiny fish!","Narrator","Naming it with a big smile, like showing a picture in a book.","Little Fishing Pond: Naming the fish","",""
"213","A crab! Snap snap!","Narrator","Naming it with a big smile, like showing a picture in a book.","Little Fishing Pond: Naming the fish","",""
"214","A glowing fish!","Narrator","Naming it with a big smile, like showing a picture in a book.","Little Fishing Pond: Naming the fish (night only)","",""
"215","Oh! An old boot!","Narrator","Playful and comic: ham it up!","Little Fishing Pond: Silly catches","",""
"216","A rubber duckie! Squeak!","Narrator","An invitation to do something: clear, warm and a little slower, so a 3-year-old can follow.","Little Fishing Pond: Silly catches","",""
"217","A teapot! How silly!","Narrator","Playful and comic: ham it up!","Little Fishing Pond: Silly catches","",""
"218","A stinky sock! Pee-yoo!","Narrator","Playful and comic: ham it up!","Little Fishing Pond: Silly catches","",""
"219","A shiny crown!","Narrator","Showing something off: “look what it is!”, happy and clear.","Little Fishing Pond: Silly catches","",""
"220","A funny hat!","Narrator","Showing something off: “look what it is!”, happy and clear.","Little Fishing Pond: Silly catches","",""
"221","Pip wants three fish!","Narrator","An invitation to do something: clear, warm and a little slower, so a 3-year-old can follow. Stress “three”.","Little Fishing Pond: Pip's order: fish to count","",""
"222","Pip wants four fish!","Narrator","An invitation to do something: clear, warm and a little slower, so a 3-year-old can follow. Stress “four”.","Little Fishing Pond: Pip's order: fish to count","",""
"223","Pip wants five fish!","Narrator","An invitation to do something: clear, warm and a little slower, so a 3-year-old can follow. Stress “five”.","Little Fishing Pond: Pip's order: fish to count","",""
"224","Pip wants two fish!","Narrator","An invitation to do something: clear, warm and a little slower, so a 3-year-old can follow. Stress “two”.","Little Fishing Pond: Pip's order: fish to count","",""
"225","The bucket is full! Hooray!","Narrator","Big, genuine delight: smile while you say it.","Little Fishing Pond: Pip's order done","",""
"226","Can you catch the goldfish?","Narrator","An invitation to do something: clear, warm and a little slower, so a 3-year-old can follow.","Little Fishing Pond: Pip's order: one kind of fish","",""
"227","Can you catch the blue fish?","Narrator","An invitation to do something: clear, warm and a little slower, so a 3-year-old can follow. Stress “blue”.","Little Fishing Pond: Pip's order: one kind of fish","",""
"228","Can you catch the red fish?","Narrator","An invitation to do something: clear, warm and a little slower, so a 3-year-old can follow. Stress “red”.","Little Fishing Pond: Pip's order: one kind of fish","",""
"229","Can you catch the purple fish?","Narrator","An invitation to do something: clear, warm and a little slower, so a 3-year-old can follow. Stress “purple”.","Little Fishing Pond: Pip's order: one kind of fish","",""
"230","Can you catch the spotty fish?","Narrator","An invitation to do something: clear, warm and a little slower, so a 3-year-old can follow.","Little Fishing Pond: Pip's order: one kind of fish","",""
"231","Can you catch the stripy fish?","Narrator","An invitation to do something: clear, warm and a little slower, so a 3-year-old can follow.","Little Fishing Pond: Pip's order: one kind of fish","",""
"232","Can you catch the rainbow fish?","Narrator","An invitation to do something: clear, warm and a little slower, so a 3-year-old can follow. Stress “rainbow”.","Little Fishing Pond: Pip's order: one kind of fish","",""
"233","Can you catch the puffer fish?","Narrator","An invitation to do something: clear, warm and a little slower, so a 3-year-old can follow.","Little Fishing Pond: Pip's order: one kind of fish","",""
"234","Can you catch the whiskery catfish?","Narrator","An invitation to do something: clear, warm and a little slower, so a 3-year-old can follow.","Little Fishing Pond: Pip's order: one kind of fish","",""
"235","Can you catch the teeny tiny fish?","Narrator","An invitation to do something: clear, warm and a little slower, so a 3-year-old can follow.","Little Fishing Pond: Pip's order: one kind of fish","",""
"236","Can you catch the crab?","Narrator","An invitation to do something: clear, warm and a little slower, so a 3-year-old can follow.","Little Fishing Pond: Pip's order: one kind of fish","",""
"237","Can you catch the glowing fish?","Narrator","An invitation to do something: clear, warm and a little slower, so a 3-year-old can follow.","Little Fishing Pond: Pip's order: one kind of fish","",""
"238","That's the one! Hooray!","Narrator","Big, genuine delight: smile while you say it.","Little Fishing Pond: Caught the fish Pip wanted","",""
"239","Ooh, not that one!","Narrator","Kind and matter-of-fact: never disappointed. It’s just telling them what that one is. (The question is asked again straight after.)","Little Fishing Pond: Caught a different fish","",""
"240","A new one!","Narrator","Showing something off: “look what it is!”, happy and clear.","Little Fishing Pond: Catching a fish for the first time","",""
"241","You found every fish!","Narrator","Big, genuine delight: smile while you say it.","Little Fishing Pond: All 12 fish caught","",""
"242","Good morning, sunshine!","Narrator","Soft and slow, a cosy bedtime voice.","Little Fishing Pond: The sun comes out","",""
"243","Pitter patter! It's raining!","Narrator","Light and pattery like raindrops, then delighted.","Little Fishing Pond: It starts to rain","",""
"244","The sun is going down.","Narrator","Soft and slow, a cosy bedtime voice.","Little Fishing Pond: Sunset","",""
"245","Night night! Look at the moon!","Narrator","Soft and slow, a cosy bedtime voice.","Little Fishing Pond: Night time","",""
"246","Hi! I'm Pip!","Pip the penguin","Cheery and proud, a little puffed-up.","Little Fishing Pond: Tapping Pip the penguin","",""
"247","Your fish!","Narrator","Proud and inviting: showing them their collection.","Little Fishing Pond: Opening the fish tank","",""
"248","No fish yet. Let's go fishing!","Narrator","Cheerful, not sad: empty just means it’s time to go and play.","Little Fishing Pond: Fish tank with no fish yet","",""
"249","Yum yum!","Narrator","Yummy and satisfied, a happy “mmm”.","Little Fishing Pond: Feeding the fish","",""
"250","Let's hop!","Narrator","An invitation to do something: clear, warm and a little slower, so a 3-year-old can follow.","Leapy Pond: Pressing play","",""
"251","Tap a lily pad!","Narrator","An invitation to do something: clear, warm and a little slower, so a 3-year-old can follow.","Leapy Pond: Waiting for a hop","",""
"252","Hop!","Narrator","A playful sound-effect word: bouncy, matching the action.","Leapy Pond: Hoppy jumps","",""
"253","Boing!","Narrator","A playful sound-effect word: bouncy, matching the action.","Leapy Pond: Hoppy jumps","",""
"254","Slurp! A yummy fly!","Narrator","A playful sound-effect word: bouncy, matching the action.","Leapy Pond: Hoppy catches a fly","",""
"255","Find the red flower!","Narrator","An invitation to do something: clear, warm and a little slower, so a 3-year-old can follow. Stress “red”.","Leapy Pond: Pick a colour","",""
"256","Find the orange flower!","Narrator","An invitation to do something: clear, warm and a little slower, so a 3-year-old can follow. Stress “orange”.","Leapy Pond: Pick a colour","",""
"257","Find the yellow flower!","Narrator","An invitation to do something: clear, warm and a little slower, so a 3-year-old can follow. Stress “yellow”.","Leapy Pond: Pick a colour","",""
"258","Find the blue flower!","Narrator","An invitation to do something: clear, warm and a little slower, so a 3-year-old can follow. Stress “blue”.","Leapy Pond: Pick a colour","",""
"259","Find the purple flower!","Narrator","An invitation to do something: clear, warm and a little slower, so a 3-year-old can follow. Stress “purple”.","Leapy Pond: Pick a colour","",""
"260","Find the pink flower!","Narrator","An invitation to do something: clear, warm and a little slower, so a 3-year-old can follow. Stress “pink”.","Leapy Pond: Pick a colour","",""
"261","Stepping stones! Let's count!","Narrator","An invitation to do something: clear, warm and a little slower, so a 3-year-old can follow.","Leapy Pond: A row of little hops","",""
"262","How many stones? Hop to the number!","Narrator","An invitation to do something: clear, warm and a little slower, so a 3-year-old can follow.","Leapy Pond: After counting the stones","",""
"263","Hop to number one!","Narrator","A playful sound-effect word: bouncy, matching the action.","Leapy Pond: Find a number","",""
"264","Hop to number two!","Narrator","A playful sound-effect word: bouncy, matching the action.","Leapy Pond: Find a number","",""
"265","Hop to number three!","Narrator","A playful sound-effect word: bouncy, matching the action.","Leapy Pond: Find a number","",""
"266","Hop to number four!","Narrator","A playful sound-effect word: bouncy, matching the action.","Leapy Pond: Find a number","",""
"267","Hop to number five!","Narrator","A playful sound-effect word: bouncy, matching the action.","Leapy Pond: Find a number","",""
"268","Hop to number six!","Narrator","A playful sound-effect word: bouncy, matching the action.","Leapy Pond: Find a number","",""
"269","Hop to number seven!","Narrator","A playful sound-effect word: bouncy, matching the action.","Leapy Pond: Find a number","",""
"270","Hop to number eight!","Narrator","A playful sound-effect word: bouncy, matching the action.","Leapy Pond: Find a number","",""
"271","Hop to number nine!","Narrator","A playful sound-effect word: bouncy, matching the action.","Leapy Pond: Find a number","",""
"272","Hop to number ten!","Narrator","A playful sound-effect word: bouncy, matching the action.","Leapy Pond: Find a number","",""
"273","Who's that?","Narrator","An invitation to do something: clear, warm and a little slower, so a 3-year-old can follow.","Leapy Pond: Someone waits at the end","",""
"274","A new friend!","Narrator","Showing something off: “look what it is!”, happy and clear.","Leapy Pond: Meeting someone new","",""
"275","A duckling! Quack quack!","Narrator","Have fun with the animal noise or sound effect: ham it up!","Leapy Pond: Pond friends","",""
"276","A dragonfly! Zoom zoom!","Narrator","Naming it with a big smile, like showing a picture in a book.","Leapy Pond: Pond friends","",""
"277","A snail! Slowly, slowly!","Narrator","Naming it with a big smile, like showing a picture in a book.","Leapy Pond: Pond friends","",""
"278","A goldfish! Blub blub!","Narrator","Naming it with a big smile, like showing a picture in a book.","Leapy Pond: Pond friends","",""
"279","A spotty ladybird!","Narrator","Naming it with a big smile, like showing a picture in a book.","Leapy Pond: Pond friends","",""
"280","Tadpoles! Wiggle wiggle!","Narrator","Have fun with the animal noise or sound effect: ham it up!","Leapy Pond: Pond friends","",""
"281","A bumblebee! Buzz buzz!","Narrator","Naming it with a big smile, like showing a picture in a book.","Leapy Pond: Pond friends","",""
"282","A beautiful swan!","Narrator","Naming it with a big smile, like showing a picture in a book.","Leapy Pond: Pond friends","",""
"283","An otter! Splish splosh!","Narrator","Naming it with a big smile, like showing a picture in a book.","Leapy Pond: Pond friends","",""
"284","A baby frog! Ribbit!","Narrator","Naming it with a big smile, like showing a picture in a book.","Leapy Pond: Pond friends","",""
"285","Let's take them home!","Narrator","An invitation to do something: clear, warm and a little slower, so a 3-year-old can follow.","Leapy Pond: After meeting a friend","",""
"286","You found every friend!","Narrator","Big, genuine delight: smile while you say it.","Leapy Pond: All 12 friends met","",""
"287","Hi! I'm Hoppy!","Hoppy the frog","Bouncy and croaky, a bit of a frog voice.","Leapy Pond: Tapping Hoppy on the title","",""
"288","Your pond friends!","Narrator","Proud and inviting: showing them their collection.","Leapy Pond: Opening your pond","",""
"289","No friends yet. Let's hop!","Narrator","Cheerful, not sad: empty just means it’s time to go and play.","Leapy Pond: Your pond with nobody in it yet","",""
"290","Look! Someone new!","Narrator","Excited discovery: “look at this!”.","Leapy Pond: A new friend in your pond","",""
"291","Let's go!","Narrator","An invitation to do something: clear, warm and a little slower, so a 3-year-old can follow.","Unicorn Dash: Pressing play","",""
"292","Tap to jump!","Narrator","An invitation to do something: clear, warm and a little slower, so a 3-year-old can follow.","Unicorn Dash: Sparkle stops in front of something","",""
"293","Jump!","Narrator","A playful sound-effect word: bouncy, matching the action.","Unicorn Dash: Sparkle jumps","",""
"294","Up, up, up!","Narrator","A playful sound-effect word: bouncy, matching the action.","Unicorn Dash: Sparkle jumps","",""
"295","Jump over the log!","Narrator","A playful sound-effect word: bouncy, matching the action.","Unicorn Dash: A log in the way","",""
"296","Jump over the rock!","Narrator","A playful sound-effect word: bouncy, matching the action.","Unicorn Dash: A rock in the way","",""
"297","Jump over the bush!","Narrator","A playful sound-effect word: bouncy, matching the action.","Unicorn Dash: A bush in the way","",""
"298","Catch the stars!","Narrator","An invitation to do something: clear, warm and a little slower, so a 3-year-old can follow.","Unicorn Dash: Stars in the sky","",""
"299","You got every star!","Narrator","Big, genuine delight: smile while you say it.","Unicorn Dash: Catching a whole row of stars","",""
"300","Over the puddle!","Narrator","Encouraging and excited: something good is coming.","Unicorn Dash: Jumping a puddle","",""
"301","Pop the red balloon!","Narrator","A playful sound-effect word: bouncy, matching the action.","Unicorn Dash: Pick a colour","",""
"302","Pop the orange balloon!","Narrator","A playful sound-effect word: bouncy, matching the action.","Unicorn Dash: Pick a colour","",""
"303","Pop the yellow balloon!","Narrator","A playful sound-effect word: bouncy, matching the action.","Unicorn Dash: Pick a colour","",""
"304","Pop the blue balloon!","Narrator","A playful sound-effect word: bouncy, matching the action.","Unicorn Dash: Pick a colour","",""
"305","Pop the purple balloon!","Narrator","A playful sound-effect word: bouncy, matching the action.","Unicorn Dash: Pick a colour","",""
"306","Pop the pink balloon!","Narrator","A playful sound-effect word: bouncy, matching the action.","Unicorn Dash: Pick a colour","",""
"307","Fences! Let's count!","Narrator","An invitation to do something: clear, warm and a little slower, so a 3-year-old can follow.","Unicorn Dash: A row of little fences","",""
"308","How many fences? Pop the number!","Narrator","An invitation to do something: clear, warm and a little slower, so a 3-year-old can follow.","Unicorn Dash: After counting the fences","",""
"309","What comes next? Pop the balloon!","Narrator","An invitation to do something: clear, warm and a little slower, so a 3-year-old can follow.","Unicorn Dash: Finishing a pattern of balloons","",""
"310","A present! What's inside?","Narrator","An invitation to do something: clear, warm and a little slower, so a 3-year-old can follow.","Unicorn Dash: A present at the end","",""
"311","Another present!","Narrator","Excited discovery: “look at this!”.","Unicorn Dash: A present at the end, after finding them all","",""
"312","Something new!","Narrator","Excited discovery: “look at this!”.","Unicorn Dash: Opening a present","",""
"313","A rainbow mane!","Narrator","Naming it with a big smile, like showing a picture in a book.","Unicorn Dash: Presents","",""
"314","A flower crown!","Narrator","Naming it with a big smile, like showing a picture in a book.","Unicorn Dash: Presents","",""
"315","Sparkly wings!","Narrator","Naming it with a big smile, like showing a picture in a book. Short and punchy.","Unicorn Dash: Presents","",""
"316","A pretty bow!","Narrator","Big, genuine delight: smile while you say it.","Unicorn Dash: Presents","",""
"317","Star glasses!","Narrator","Naming it with a big smile, like showing a picture in a book. Short and punchy.","Unicorn Dash: Presents","",""
"318","Sparkly boots!","Narrator","Naming it with a big smile, like showing a picture in a book. Short and punchy.","Unicorn Dash: Presents","",""
"319","A golden horn!","Narrator","Naming it with a big smile, like showing a picture in a book.","Unicorn Dash: Presents","",""
"320","A super cape!","Narrator","Naming it with a big smile, like showing a picture in a book.","Unicorn Dash: Presents","",""
"321","A heart necklace!","Narrator","Naming it with a big smile, like showing a picture in a book.","Unicorn Dash: Presents","",""
"322","A sky blue mane!","Narrator","Naming it with a big smile, like showing a picture in a book.","Unicorn Dash: Presents","",""
"323","A royal crown!","Narrator","Naming it with a big smile, like showing a picture in a book.","Unicorn Dash: Presents","",""
"324","Sparkle looks lovely!","Narrator","Big, genuine delight: smile while you say it.","Unicorn Dash: Wearing something","",""
"325","Let's dress up!","Narrator","An invitation to do something: clear, warm and a little slower, so a 3-year-old can follow.","Unicorn Dash: After finding something new","",""
"326","You found every present!","Narrator","Big, genuine delight: smile while you say it.","Unicorn Dash: All 12 presents found","",""
"327","Neigh!","Sparkle the unicorn","Bright and sparkly; a happy little whinny for “Neigh!”.","Unicorn Dash: Tapping Sparkle","",""
"328","Hi! I'm Sparkle!","Sparkle the unicorn","Bright and sparkly; a happy little whinny for “Neigh!”.","Unicorn Dash: Tapping Sparkle on the title","",""
"329","Hello, bunny!","Narrator","A warm hello, like greeting a friend at the door.","Unicorn Dash: Tapping a bunny","",""
"330","Dress up Sparkle!","Narrator","Proud and inviting: showing them their collection.","Unicorn Dash: Opening dressing up","",""
"331","Nothing here yet. Let's dash!","Narrator","Cheerful, not sad: empty just means it’s time to go and play.","Unicorn Dash: Dressing up with nothing found yet","",""
"332","Bath time!","Narrator","Encouraging and excited: something good is coming.","Ducky Bath: Pressing play","",""
"333","Hello! I'm Ducky!","Ducky","Squeaky and cheerful, a rubber-duck voice.","Ducky Bath: Tapping Ducky on the title","",""
"334","Turn on the tap!","Narrator","An invitation to do something: clear, warm and a little slower, so a 3-year-old can follow.","Ducky Bath: Filling the bath","",""
"335","More water!","Narrator","Excited discovery: “look at this!”.","Ducky Bath: Filling the bath","",""
"336","The bath is full!","Narrator","Big, genuine delight: smile while you say it.","Ducky Bath: The bath is full","",""
"337","Bubble time! Squeeze the bottle!","Narrator","An invitation to do something: clear, warm and a little slower, so a 3-year-old can follow.","Ducky Bath: Making bubbles","",""
"338","Pop the bubbles!","Narrator","A playful sound-effect word: bouncy, matching the action.","Ducky Bath: Bubbles to pop","",""
"339","Squeak the red duck!","Narrator","Have fun with the animal noise or sound effect: ham it up!","Ducky Bath: Pick a colour","",""
"340","Squeak the orange duck!","Narrator","Have fun with the animal noise or sound effect: ham it up!","Ducky Bath: Pick a colour","",""
"341","Squeak the blue duck!","Narrator","Have fun with the animal noise or sound effect: ham it up!","Ducky Bath: Pick a colour","",""
"342","Squeak the purple duck!","Narrator","Have fun with the animal noise or sound effect: ham it up!","Ducky Bath: Pick a colour","",""
"343","Squeak the pink duck!","Narrator","Have fun with the animal noise or sound effect: ham it up!","Ducky Bath: Pick a colour","",""
"344","Let's count the ducks!","Narrator","An invitation to do something: clear, warm and a little slower, so a 3-year-old can follow.","Ducky Bath: Little ducks to count","",""
"345","How many ducks? Pop the number!","Narrator","An invitation to do something: clear, warm and a little slower, so a 3-year-old can follow.","Ducky Bath: After counting the ducks","",""
"346","Squeak the biggest duck!","Narrator","Have fun with the animal noise or sound effect: ham it up!","Ducky Bath: Find the biggest duck","",""
"347","Squeak the smallest duck!","Narrator","Have fun with the animal noise or sound effect: ham it up!","Ducky Bath: Find the smallest duck","",""
"348","That one's big!","Narrator","Kind and matter-of-fact: never disappointed. It’s just telling them what that one is. (The question is asked again straight after.)","Ducky Bath: Tapping another size of duck","",""
"349","That one's in the middle!","Narrator","Kind and matter-of-fact: never disappointed. It’s just telling them what that one is. (The question is asked again straight after.)","Ducky Bath: Tapping another size of duck","",""
"350","That one's small!","Narrator","Kind and matter-of-fact: never disappointed. It’s just telling them what that one is. (The question is asked again straight after.)","Ducky Bath: Tapping another size of duck","",""
"351","The biggest!","Narrator","Pleased, with “biggest” in a big, deep voice.","Ducky Bath: Found the biggest duck","",""
"352","The smallest!","Narrator","Pleased, with “smallest” in a small, squeaky voice.","Ducky Bath: Found the smallest duck","",""
"353","Oh no! Ducky's all muddy!","Narrator","Big, playful surprise.","Ducky Bath: Mud on Ducky","",""
"354","Scrub scrub!","Narrator","An invitation to do something: clear, warm and a little slower, so a 3-year-old can follow.","Ducky Bath: Scrubbing the mud off","",""
"355","Squeaky clean!","Narrator","Have fun with the animal noise or sound effect: ham it up!","Ducky Bath: All the mud gone","",""
"356","Where's Baby Duck?","Narrator","An invitation to do something: clear, warm and a little slower, so a 3-year-old can follow.","Ducky Bath: Baby Duck hides in the bubbles","",""
"357","Not in there!","Narrator","Kind and matter-of-fact: never disappointed. It’s just telling them what that one is. (The question is asked again straight after.)","Ducky Bath: Tapping the wrong bubbles","",""
"358","Peekaboo!","Narrator","A giggly, playful “peekaboo!”, like finding someone hiding.","Ducky Bath: Finding Baby Duck","",""
"359","Splash the water!","Narrator","An invitation to do something: clear, warm and a little slower, so a 3-year-old can follow.","Ducky Bath: Splashing","",""
"360","All clean! Pull the plug!","Narrator","Big, genuine delight: smile while you say it.","Ducky Bath: The end of the bath","",""
"361","Glug glug glug!","Narrator","Have fun with the animal noise or sound effect: ham it up!","Ducky Bath: The water going down the plughole","",""
"362","A big bubble! What's inside?","Narrator","An invitation to do something: clear, warm and a little slower, so a 3-year-old can follow.","Ducky Bath: A bubble floats up at the end","",""
"363","Another big bubble!","Narrator","Excited discovery: “look at this!”.","Ducky Bath: A bubble at the end, after finding every duck","",""
"364","A new duck!","Narrator","Showing something off: “look what it is!”, happy and clear.","Ducky Bath: Popping the big bubble","",""
"365","Rainbow Duck!","Narrator","Naming it with a big smile, like showing a picture in a book. Short and punchy.","Ducky Bath: Ducks","",""
"366","Princess Duck!","Narrator","Naming it with a big smile, like showing a picture in a book. Short and punchy.","Ducky Bath: Ducks","",""
"367","Firefighter Duck!","Narrator","Naming it with a big smile, like showing a picture in a book. Short and punchy.","Ducky Bath: Ducks","",""
"368","Chef Duck!","Narrator","Naming it with a big smile, like showing a picture in a book. Short and punchy.","Ducky Bath: Ducks","",""
"369","Froggy Duck!","Narrator","Naming it with a big smile, like showing a picture in a book. Short and punchy.","Ducky Bath: Ducks","",""
"370","Super Duck!","Narrator","Naming it with a big smile, like showing a picture in a book. Short and punchy.","Ducky Bath: Ducks","",""
"371","Space Duck!","Narrator","Naming it with a big smile, like showing a picture in a book. Short and punchy.","Ducky Bath: Ducks","",""
"372","Wizard Duck!","Narrator","Naming it with a big smile, like showing a picture in a book. Short and punchy.","Ducky Bath: Ducks","",""
"373","Dino Duck!","Narrator","Naming it with a big smile, like showing a picture in a book. Short and punchy.","Ducky Bath: Ducks","",""
"374","You found every duck!","Narrator","Big, genuine delight: smile while you say it.","Ducky Bath: All 12 ducks found","",""
"375","Let's see your ducks!","Narrator","An invitation to do something: clear, warm and a little slower, so a 3-year-old can follow.","Ducky Bath: After finding a new duck","",""
"376","Here are your ducks!","Narrator","Proud and inviting: showing them their collection.","Ducky Bath: Opening the duck shelf","",""
"377","No ducks yet. Let's have a bath!","Narrator","Cheerful, not sad: empty just means it’s time to go and play.","Ducky Bath: The duck shelf with no ducks found yet","",""
"378","Look! A new duck!","Narrator","Excited discovery: “look at this!”.","Ducky Bath: A new duck on the shelf","",""
"379","Let's take the post!","Narrator","An invitation to do something: clear, warm and a little slower, so a 3-year-old can follow.","Postie Pip: Pressing play","",""
"380","Hello! I'm Pip the postie!","Pip the penguin","Cheery and proud, a little puffed-up.","Postie Pip: Tapping Pip on the title","",""
"381","Parcels for everyone!","Pip the penguin","Cheery and proud, a little puffed-up.","Postie Pip: Tapping Pip","",""
"382","A new letter!","Narrator","Showing something off: “look what it is!”, happy and clear.","Postie Pip: Meeting a new letter","",""
"383","Knock on the door!","Narrator","An invitation to do something: clear, warm and a little slower, so a 3-year-old can follow.","Postie Pip: Meeting a new letter","",""
"384","Let's draw it! Tap the dots!","Narrator","An invitation to do something: clear, warm and a little slower, so a 3-year-old can follow.","Postie Pip: Drawing a letter","",""
"385","The last parcel is for you!","Narrator","Encouraging and excited: something good is coming.","Postie Pip: The end of the round","",""
"386","What's inside?","Narrator","An invitation to do something: clear, warm and a little slower, so a 3-year-old can follow.","Postie Pip: The end of the round","",""
"387","A new letter friend!","Narrator","Showing something off: “look what it is!”, happy and clear.","Postie Pip: Learning a new letter","",""
"388","You know every letter!","Narrator","Big, genuine delight: smile while you say it.","Postie Pip: All 26 letters learned","",""
"389","Thank you, Pip!","A letter friend","Delighted to get a parcel.","Postie Pip: A parcel delivered","",""
"390","S!","Narrator","The letter’s NAME (“S”), clear and bright, like pointing at it.","Postie Pip: Letters","",""
"391","A!","Narrator","The letter’s NAME (“A”), clear and bright, like pointing at it.","Postie Pip: Letters","",""
"392","T!","Narrator","The letter’s NAME (“T”), clear and bright, like pointing at it.","Postie Pip: Letters","",""
"393","M!","Narrator","The letter’s NAME (“M”), clear and bright, like pointing at it.","Postie Pip: Letters","",""
"394","P!","Narrator","The letter’s NAME (“P”), clear and bright, like pointing at it.","Postie Pip: Letters","",""
"395","O!","Narrator","The letter’s NAME (“O”), clear and bright, like pointing at it.","Postie Pip: Letters","",""
"396","C!","Narrator","The letter’s NAME (“C”), clear and bright, like pointing at it.","Postie Pip: Letters","",""
"397","H!","Narrator","The letter’s NAME (“H”), clear and bright, like pointing at it.","Postie Pip: Letters","",""
"398","D!","Narrator","The letter’s NAME (“D”), clear and bright, like pointing at it.","Postie Pip: Letters","",""
"399","F!","Narrator","The letter’s NAME (“F”), clear and bright, like pointing at it.","Postie Pip: Letters","",""
"400","E!","Narrator","The letter’s NAME (“E”), clear and bright, like pointing at it.","Postie Pip: Letters","",""
"401","B!","Narrator","The letter’s NAME (“B”), clear and bright, like pointing at it.","Postie Pip: Letters","",""
"402","R!","Narrator","The letter’s NAME (“R”), clear and bright, like pointing at it.","Postie Pip: Letters","",""
"403","N!","Narrator","The letter’s NAME (“N”), clear and bright, like pointing at it.","Postie Pip: Letters","",""
"404","G!","Narrator","The letter’s NAME (“G”), clear and bright, like pointing at it.","Postie Pip: Letters","",""
"405","I!","Narrator","The letter’s NAME (“I”), clear and bright, like pointing at it.","Postie Pip: Letters","",""
"406","L!","Narrator","The letter’s NAME (“L”), clear and bright, like pointing at it.","Postie Pip: Letters","",""
"407","K!","Narrator","The letter’s NAME (“K”), clear and bright, like pointing at it.","Postie Pip: Letters","",""
"408","U!","Narrator","The letter’s NAME (“U”), clear and bright, like pointing at it.","Postie Pip: Letters","",""
"409","J!","Narrator","The letter’s NAME (“J”), clear and bright, like pointing at it.","Postie Pip: Letters","",""
"410","W!","Narrator","The letter’s NAME (“W”), clear and bright, like pointing at it.","Postie Pip: Letters","",""
"411","Z!","Narrator","The letter’s NAME (“Z”), clear and bright, like pointing at it.","Postie Pip: Letters","",""
"412","Y!","Narrator","The letter’s NAME (“Y”), clear and bright, like pointing at it.","Postie Pip: Letters","",""
"413","V!","Narrator","The letter’s NAME (“V”), clear and bright, like pointing at it.","Postie Pip: Letters","",""
"414","Q!","Narrator","The letter’s NAME (“Q”), clear and bright, like pointing at it.","Postie Pip: Letters","",""
"415","X!","Narrator","The letter’s NAME (“X”), clear and bright, like pointing at it.","Postie Pip: Letters","",""
"416","S is for snake!","Narrator","Proud introduction, stressing the first sound of the animal (“S is for Sss-nake!”).","Postie Pip: The snake at the S house","",""
"417","A is for ant!","Narrator","Proud introduction, stressing the first sound of the animal (“S is for Sss-nake!”).","Postie Pip: The ant at the A house","",""
"418","T is for tiger!","Narrator","Proud introduction, stressing the first sound of the animal (“S is for Sss-nake!”).","Postie Pip: The tiger at the T house","",""
"419","M is for mouse!","Narrator","Proud introduction, stressing the first sound of the animal (“S is for Sss-nake!”).","Postie Pip: The mouse at the M house","",""
"420","P is for pig!","Narrator","Proud introduction, stressing the first sound of the animal (“S is for Sss-nake!”).","Postie Pip: The pig at the P house","",""
"421","O is for octopus!","Narrator","Proud introduction, stressing the first sound of the animal (“S is for Sss-nake!”).","Postie Pip: The octopus at the O house","",""
"422","C is for cat!","Narrator","Proud introduction, stressing the first sound of the animal (“S is for Sss-nake!”).","Postie Pip: The cat at the C house","",""
"423","H is for hen!","Narrator","Proud introduction, stressing the first sound of the animal (“S is for Sss-nake!”).","Postie Pip: The hen at the H house","",""
"424","D is for dog!","Narrator","Proud introduction, stressing the first sound of the animal (“S is for Sss-nake!”).","Postie Pip: The dog at the D house","",""
"425","F is for fox!","Narrator","Proud introduction, stressing the first sound of the animal (“S is for Sss-nake!”).","Postie Pip: The fox at the F house","",""
"426","E is for elephant!","Narrator","Proud introduction, stressing the first sound of the animal (“S is for Sss-nake!”).","Postie Pip: The elephant at the E house","",""
"427","B is for bear!","Narrator","Proud introduction, stressing the first sound of the animal (“S is for Sss-nake!”).","Postie Pip: The bear at the B house","",""
"428","R is for rabbit!","Narrator","Proud introduction, stressing the first sound of the animal (“S is for Sss-nake!”).","Postie Pip: The rabbit at the R house","",""
"429","N is for narwhal!","Narrator","Proud introduction, stressing the first sound of the animal (“S is for Sss-nake!”).","Postie Pip: The narwhal at the N house","",""
"430","G is for goat!","Narrator","Proud introduction, stressing the first sound of the animal (“S is for Sss-nake!”).","Postie Pip: The goat at the G house","",""
"431","I is for iguana!","Narrator","Proud introduction, stressing the first sound of the animal (“S is for Sss-nake!”).","Postie Pip: The iguana at the I house","",""
"432","L is for lion!","Narrator","Proud introduction, stressing the first sound of the animal (“S is for Sss-nake!”).","Postie Pip: The lion at the L house","",""
"433","K is for koala!","Narrator","Proud introduction, stressing the first sound of the animal (“S is for Sss-nake!”).","Postie Pip: The koala at the K house","",""
"434","U is for unicorn!","Narrator","Proud introduction, stressing the first sound of the animal (“S is for Sss-nake!”).","Postie Pip: The unicorn at the U house","",""
"435","J is for jellyfish!","Narrator","Proud introduction, stressing the first sound of the animal (“S is for Sss-nake!”).","Postie Pip: The jellyfish at the J house","",""
"436","W is for walrus!","Narrator","Proud introduction, stressing the first sound of the animal (“S is for Sss-nake!”).","Postie Pip: The walrus at the W house","",""
"437","Z is for zebra!","Narrator","Proud introduction, stressing the first sound of the animal (“S is for Sss-nake!”).","Postie Pip: The zebra at the Z house","",""
"438","Y is for yak!","Narrator","Proud introduction, stressing the first sound of the animal (“S is for Sss-nake!”).","Postie Pip: The yak at the Y house","",""
"439","V is for vulture!","Narrator","Proud introduction, stressing the first sound of the animal (“S is for Sss-nake!”).","Postie Pip: The vulture at the V house","",""
"440","Q is for quail!","Narrator","Proud introduction, stressing the first sound of the animal (“S is for Sss-nake!”).","Postie Pip: The quail at the Q house","",""
"441","X is for x-ray fish!","Narrator","Proud introduction, stressing the first sound of the animal (“S is for Sss-nake!”).","Postie Pip: The x-ray fish at the X house","",""
"442","S says sss, like snake!","Narrator","Letter name, then its SOUND: a long hiss, /sss/. Keep the sound short and clean, then say the word warmly, stressing its first sound. Say it slowly, like teaching.","Postie Pip: The sound s makes","yes",""
"443","A says a, as in ant!","Narrator","Letter name, then its SOUND: the short a in “ant” (not “ay”). Keep the sound short and clean, then say the word warmly, stressing its first sound. Say it slowly, like teaching.","Postie Pip: The sound a makes","yes",""
"444","T says t, t, like tiger!","Narrator","Letter name, then its SOUND: a crisp, whispered /t/ (not “tuh”). Keep the sound short and clean, then say the word warmly, stressing its first sound. Say it slowly, like teaching.","Postie Pip: The sound t makes","yes",""
"445","M says mmm, like mouse!","Narrator","Letter name, then its SOUND: a long hum, /mmm/. Keep the sound short and clean, then say the word warmly, stressing its first sound. Say it slowly, like teaching.","Postie Pip: The sound m makes","yes",""
"446","P says p, p, like pig!","Narrator","Letter name, then its SOUND: a puff of air, /p/ (not “puh”). Keep the sound short and clean, then say the word warmly, stressing its first sound. Say it slowly, like teaching.","Postie Pip: The sound p makes","yes",""
"447","O says o, as in octopus!","Narrator","Letter name, then its SOUND: the short o in “octopus” (not “oh”). Keep the sound short and clean, then say the word warmly, stressing its first sound. Say it slowly, like teaching.","Postie Pip: The sound o makes","yes",""
"448","C says c, c, like cat!","Narrator","Letter name, then its SOUND: a hard, whispered /k/, like the start of “cat”. Keep the sound short and clean, then say the word warmly, stressing its first sound. Say it slowly, like teaching.","Postie Pip: The sound c makes","yes",""
"449","H says h, h, like hen!","Narrator","Letter name, then its SOUND: a breathy /h/, like fogging a window. Keep the sound short and clean, then say the word warmly, stressing its first sound. Say it slowly, like teaching.","Postie Pip: The sound h makes","yes",""
"450","D says d, d, like dog!","Narrator","Letter name, then its SOUND: a short /d/ (not “duh”). Keep the sound short and clean, then say the word warmly, stressing its first sound. Say it slowly, like teaching.","Postie Pip: The sound d makes","yes",""
"451","F says fff, like fox!","Narrator","Letter name, then its SOUND: a long /fff/, like a slow puncture. Keep the sound short and clean, then say the word warmly, stressing its first sound. Say it slowly, like teaching.","Postie Pip: The sound f makes","yes",""
"452","E says e, as in elephant!","Narrator","Letter name, then its SOUND: the short e in “elephant”. Keep the sound short and clean, then say the word warmly, stressing its first sound. Say it slowly, like teaching.","Postie Pip: The sound e makes","yes",""
"453","B says b, b, like bear!","Narrator","Letter name, then its SOUND: a short /b/, lips together (not “buh”). Keep the sound short and clean, then say the word warmly, stressing its first sound. Say it slowly, like teaching.","Postie Pip: The sound b makes","yes",""
"454","R says rrr, like rabbit!","Narrator","Letter name, then its SOUND: a growly /rrr/. Keep the sound short and clean, then say the word warmly, stressing its first sound. Say it slowly, like teaching.","Postie Pip: The sound r makes","yes",""
"455","N says nnn, like narwhal!","Narrator","Letter name, then its SOUND: a long /nnn/. Keep the sound short and clean, then say the word warmly, stressing its first sound. Say it slowly, like teaching.","Postie Pip: The sound n makes","yes",""
"456","G says g, g, like goat!","Narrator","Letter name, then its SOUND: a short, throaty /g/ like in “goat” (not “jee”). Keep the sound short and clean, then say the word warmly, stressing its first sound. Say it slowly, like teaching.","Postie Pip: The sound g makes","yes",""
"457","I says i, as in iguana!","Narrator","Letter name, then its SOUND: the short i in “iguana”. Keep the sound short and clean, then say the word warmly, stressing its first sound. Say it slowly, like teaching.","Postie Pip: The sound i makes","yes",""
"458","L says lll, like lion!","Narrator","Letter name, then its SOUND: a long /lll/, tongue up. Keep the sound short and clean, then say the word warmly, stressing its first sound. Say it slowly, like teaching.","Postie Pip: The sound l makes","yes",""
"459","K says k, k, like koala!","Narrator","Letter name, then its SOUND: a whispered /k/ (the same as c). Keep the sound short and clean, then say the word warmly, stressing its first sound. Say it slowly, like teaching.","Postie Pip: The sound k makes","yes",""
"460","U says you, like unicorn!","Narrator","Letter name, then its SOUND: like the word “you”, as in “unicorn”. Keep the sound short and clean, then say the word warmly, stressing its first sound. Say it slowly, like teaching.","Postie Pip: The sound u makes","yes",""
"461","J says j, j, like jellyfish!","Narrator","Letter name, then its SOUND: a short /j/ (not “juh”). Keep the sound short and clean, then say the word warmly, stressing its first sound. Say it slowly, like teaching.","Postie Pip: The sound j makes","yes",""
"462","W says w, w, like walrus!","Narrator","Letter name, then its SOUND: a short /w/, lips rounded. Keep the sound short and clean, then say the word warmly, stressing its first sound. Say it slowly, like teaching.","Postie Pip: The sound w makes","yes",""
"463","Z says zzz, like zebra!","Narrator","Letter name, then its SOUND: a long buzzy /zzz/, like a bee. Keep the sound short and clean, then say the word warmly, stressing its first sound. Say it slowly, like teaching.","Postie Pip: The sound z makes","yes",""
"464","Y says y, y, like yak!","Narrator","Letter name, then its SOUND: a short /y/, as in “yak”. Keep the sound short and clean, then say the word warmly, stressing its first sound. Say it slowly, like teaching.","Postie Pip: The sound y makes","yes",""
"465","V says vvv, like vulture!","Narrator","Letter name, then its SOUND: a long buzzy /vvv/. Keep the sound short and clean, then say the word warmly, stressing its first sound. Say it slowly, like teaching.","Postie Pip: The sound v makes","yes",""
"466","Q says qu, like quail!","Narrator","Letter name, then its SOUND: /kw/, as in “quail”. Keep the sound short and clean, then say the word warmly, stressing its first sound. Say it slowly, like teaching.","Postie Pip: The sound q makes","yes",""
"467","X says ks, like in fox!","Narrator","Letter name, then its SOUND: /ks/, as at the end of “fox”. Keep the sound short and clean, then say the word warmly, stressing its first sound. Say it slowly, like teaching.","Postie Pip: The sound x makes","yes",""
"468","Big S! Find little s!","Narrator","“Big” in a big, deep voice and “little” in a small, squeaky voice, to make it fun. The letter names clear.","Postie Pip: A parcel with a capital S on","",""
"469","Big A! Find little a!","Narrator","“Big” in a big, deep voice and “little” in a small, squeaky voice, to make it fun. The letter names clear.","Postie Pip: A parcel with a capital A on","",""
"470","Big T! Find little t!","Narrator","“Big” in a big, deep voice and “little” in a small, squeaky voice, to make it fun. The letter names clear.","Postie Pip: A parcel with a capital T on","",""
"471","Big M! Find little m!","Narrator","“Big” in a big, deep voice and “little” in a small, squeaky voice, to make it fun. The letter names clear.","Postie Pip: A parcel with a capital M on","",""
"472","Big P! Find little p!","Narrator","“Big” in a big, deep voice and “little” in a small, squeaky voice, to make it fun. The letter names clear.","Postie Pip: A parcel with a capital P on","",""
"473","Big O! Find little o!","Narrator","“Big” in a big, deep voice and “little” in a small, squeaky voice, to make it fun. The letter names clear.","Postie Pip: A parcel with a capital O on","",""
"474","Big C! Find little c!","Narrator","“Big” in a big, deep voice and “little” in a small, squeaky voice, to make it fun. The letter names clear.","Postie Pip: A parcel with a capital C on","",""
"475","Big H! Find little h!","Narrator","“Big” in a big, deep voice and “little” in a small, squeaky voice, to make it fun. The letter names clear.","Postie Pip: A parcel with a capital H on","",""
"476","Big D! Find little d!","Narrator","“Big” in a big, deep voice and “little” in a small, squeaky voice, to make it fun. The letter names clear.","Postie Pip: A parcel with a capital D on","",""
"477","Big F! Find little f!","Narrator","“Big” in a big, deep voice and “little” in a small, squeaky voice, to make it fun. The letter names clear.","Postie Pip: A parcel with a capital F on","",""
"478","Big E! Find little e!","Narrator","“Big” in a big, deep voice and “little” in a small, squeaky voice, to make it fun. The letter names clear.","Postie Pip: A parcel with a capital E on","",""
"479","Big B! Find little b!","Narrator","“Big” in a big, deep voice and “little” in a small, squeaky voice, to make it fun. The letter names clear.","Postie Pip: A parcel with a capital B on","",""
"480","Big R! Find little r!","Narrator","“Big” in a big, deep voice and “little” in a small, squeaky voice, to make it fun. The letter names clear.","Postie Pip: A parcel with a capital R on","",""
"481","Big N! Find little n!","Narrator","“Big” in a big, deep voice and “little” in a small, squeaky voice, to make it fun. The letter names clear.","Postie Pip: A parcel with a capital N on","",""
"482","Big G! Find little g!","Narrator","“Big” in a big, deep voice and “little” in a small, squeaky voice, to make it fun. The letter names clear.","Postie Pip: A parcel with a capital G on","",""
"483","Big I! Find little i!","Narrator","“Big” in a big, deep voice and “little” in a small, squeaky voice, to make it fun. The letter names clear.","Postie Pip: A parcel with a capital I on","",""
"484","Big L! Find little l!","Narrator","“Big” in a big, deep voice and “little” in a small, squeaky voice, to make it fun. The letter names clear.","Postie Pip: A parcel with a capital L on","",""
"485","Big K! Find little k!","Narrator","“Big” in a big, deep voice and “little” in a small, squeaky voice, to make it fun. The letter names clear.","Postie Pip: A parcel with a capital K on","",""
"486","Big U! Find little u!","Narrator","“Big” in a big, deep voice and “little” in a small, squeaky voice, to make it fun. The letter names clear.","Postie Pip: A parcel with a capital U on","",""
"487","Big J! Find little j!","Narrator","“Big” in a big, deep voice and “little” in a small, squeaky voice, to make it fun. The letter names clear.","Postie Pip: A parcel with a capital J on","",""
"488","Big W! Find little w!","Narrator","“Big” in a big, deep voice and “little” in a small, squeaky voice, to make it fun. The letter names clear.","Postie Pip: A parcel with a capital W on","",""
"489","Big Z! Find little z!","Narrator","“Big” in a big, deep voice and “little” in a small, squeaky voice, to make it fun. The letter names clear.","Postie Pip: A parcel with a capital Z on","",""
"490","Big Y! Find little y!","Narrator","“Big” in a big, deep voice and “little” in a small, squeaky voice, to make it fun. The letter names clear.","Postie Pip: A parcel with a capital Y on","",""
"491","Big V! Find little v!","Narrator","“Big” in a big, deep voice and “little” in a small, squeaky voice, to make it fun. The letter names clear.","Postie Pip: A parcel with a capital V on","",""
"492","Big Q! Find little q!","Narrator","“Big” in a big, deep voice and “little” in a small, squeaky voice, to make it fun. The letter names clear.","Postie Pip: A parcel with a capital Q on","",""
"493","Big X! Find little x!","Narrator","“Big” in a big, deep voice and “little” in a small, squeaky voice, to make it fun. The letter names clear.","Postie Pip: A parcel with a capital X on","",""
"494","Find the letter S!","Narrator","Clear and inviting, the letter NAME stressed.","Postie Pip: A parcel for S","",""
"495","Find the letter A!","Narrator","Clear and inviting, the letter NAME stressed.","Postie Pip: A parcel for A","",""
"496","Find the letter T!","Narrator","Clear and inviting, the letter NAME stressed.","Postie Pip: A parcel for T","",""
"497","Find the letter M!","Narrator","Clear and inviting, the letter NAME stressed.","Postie Pip: A parcel for M","",""
"498","Find the letter P!","Narrator","Clear and inviting, the letter NAME stressed.","Postie Pip: A parcel for P","",""
"499","Find the letter O!","Narrator","Clear and inviting, the letter NAME stressed.","Postie Pip: A parcel for O","",""
"500","Find the letter C!","Narrator","Clear and inviting, the letter NAME stressed.","Postie Pip: A parcel for C","",""
"501","Find the letter H!","Narrator","Clear and inviting, the letter NAME stressed.","Postie Pip: A parcel for H","",""
"502","Find the letter D!","Narrator","Clear and inviting, the letter NAME stressed.","Postie Pip: A parcel for D","",""
"503","Find the letter F!","Narrator","Clear and inviting, the letter NAME stressed.","Postie Pip: A parcel for F","",""
"504","Find the letter E!","Narrator","Clear and inviting, the letter NAME stressed.","Postie Pip: A parcel for E","",""
"505","Find the letter B!","Narrator","Clear and inviting, the letter NAME stressed.","Postie Pip: A parcel for B","",""
"506","Find the letter R!","Narrator","Clear and inviting, the letter NAME stressed.","Postie Pip: A parcel for R","",""
"507","Find the letter N!","Narrator","Clear and inviting, the letter NAME stressed.","Postie Pip: A parcel for N","",""
"508","Find the letter G!","Narrator","Clear and inviting, the letter NAME stressed.","Postie Pip: A parcel for G","",""
"509","Find the letter I!","Narrator","Clear and inviting, the letter NAME stressed.","Postie Pip: A parcel for I","",""
"510","Find the letter L!","Narrator","Clear and inviting, the letter NAME stressed.","Postie Pip: A parcel for L","",""
"511","Find the letter K!","Narrator","Clear and inviting, the letter NAME stressed.","Postie Pip: A parcel for K","",""
"512","Find the letter U!","Narrator","Clear and inviting, the letter NAME stressed.","Postie Pip: A parcel for U","",""
"513","Find the letter J!","Narrator","Clear and inviting, the letter NAME stressed.","Postie Pip: A parcel for J","",""
"514","Find the letter W!","Narrator","Clear and inviting, the letter NAME stressed.","Postie Pip: A parcel for W","",""
"515","Find the letter Z!","Narrator","Clear and inviting, the letter NAME stressed.","Postie Pip: A parcel for Z","",""
"516","Find the letter Y!","Narrator","Clear and inviting, the letter NAME stressed.","Postie Pip: A parcel for Y","",""
"517","Find the letter V!","Narrator","Clear and inviting, the letter NAME stressed.","Postie Pip: A parcel for V","",""
"518","Find the letter Q!","Narrator","Clear and inviting, the letter NAME stressed.","Postie Pip: A parcel for Q","",""
"519","Find the letter X!","Narrator","Clear and inviting, the letter NAME stressed.","Postie Pip: A parcel for X","",""
"520","A parcel for the snake!","Narrator","Inviting, a little mysterious: who could it be for?","Postie Pip: A parcel with a picture on","",""
"521","A parcel for the ant!","Narrator","Inviting, a little mysterious: who could it be for?","Postie Pip: A parcel with a picture on","",""
"522","A parcel for the tiger!","Narrator","Inviting, a little mysterious: who could it be for?","Postie Pip: A parcel with a picture on","",""
"523","A parcel for the mouse!","Narrator","Inviting, a little mysterious: who could it be for?","Postie Pip: A parcel with a picture on","",""
"524","A parcel for the pig!","Narrator","Inviting, a little mysterious: who could it be for?","Postie Pip: A parcel with a picture on","",""
"525","A parcel for the octopus!","Narrator","Inviting, a little mysterious: who could it be for?","Postie Pip: A parcel with a picture on","",""
"526","A parcel for the cat!","Narrator","Inviting, a little mysterious: who could it be for?","Postie Pip: A parcel with a picture on","",""
"527","A parcel for the hen!","Narrator","Inviting, a little mysterious: who could it be for?","Postie Pip: A parcel with a picture on","",""
"528","A parcel for the dog!","Narrator","Inviting, a little mysterious: who could it be for?","Postie Pip: A parcel with a picture on","",""
"529","A parcel for the fox!","Narrator","Inviting, a little mysterious: who could it be for?","Postie Pip: A parcel with a picture on","",""
"530","A parcel for the elephant!","Narrator","Inviting, a little mysterious: who could it be for?","Postie Pip: A parcel with a picture on","",""
"531","A parcel for the bear!","Narrator","Inviting, a little mysterious: who could it be for?","Postie Pip: A parcel with a picture on","",""
"532","A parcel for the rabbit!","Narrator","Inviting, a little mysterious: who could it be for?","Postie Pip: A parcel with a picture on","",""
"533","A parcel for the narwhal!","Narrator","Inviting, a little mysterious: who could it be for?","Postie Pip: A parcel with a picture on","",""
"534","A parcel for the goat!","Narrator","Inviting, a little mysterious: who could it be for?","Postie Pip: A parcel with a picture on","",""
"535","A parcel for the iguana!","Narrator","Inviting, a little mysterious: who could it be for?","Postie Pip: A parcel with a picture on","",""
"536","A parcel for the lion!","Narrator","Inviting, a little mysterious: who could it be for?","Postie Pip: A parcel with a picture on","",""
"537","A parcel for the koala!","Narrator","Inviting, a little mysterious: who could it be for?","Postie Pip: A parcel with a picture on","",""
"538","A parcel for the unicorn!","Narrator","Inviting, a little mysterious: who could it be for?","Postie Pip: A parcel with a picture on","",""
"539","A parcel for the jellyfish!","Narrator","Inviting, a little mysterious: who could it be for?","Postie Pip: A parcel with a picture on","",""
"540","A parcel for the walrus!","Narrator","Inviting, a little mysterious: who could it be for?","Postie Pip: A parcel with a picture on","",""
"541","A parcel for the zebra!","Narrator","Inviting, a little mysterious: who could it be for?","Postie Pip: A parcel with a picture on","",""
"542","A parcel for the yak!","Narrator","Inviting, a little mysterious: who could it be for?","Postie Pip: A parcel with a picture on","",""
"543","A parcel for the vulture!","Narrator","Inviting, a little mysterious: who could it be for?","Postie Pip: A parcel with a picture on","",""
"544","A parcel for the quail!","Narrator","Inviting, a little mysterious: who could it be for?","Postie Pip: A parcel with a picture on","",""
"545","A parcel for the x-ray fish!","Narrator","Inviting, a little mysterious: who could it be for?","Postie Pip: A parcel with a picture on","",""
"546","Let's see your street!","Narrator","An invitation to do something: clear, warm and a little slower, so a 3-year-old can follow.","Postie Pip: After learning a new letter","",""
"547","Here is your street!","Narrator","Proud and inviting: showing them their collection.","Postie Pip: Opening your street","",""
"548","Nobody here yet. Let's take the post!","Narrator","Cheerful, not sad: empty just means it’s time to go and play.","Postie Pip: Your street with no letters learned yet","",""
"549","Look! A new letter friend!","Narrator","Excited discovery: “look at this!”.","Postie Pip: A new house on your street","",""
"550","Your sticker book!","Narrator","Proud and inviting: showing them their collection.","The sticker book: The sticker book","",""
"551","A new sticker! Tap it!","Narrator","An invitation to do something: clear, warm and a little slower, so a 3-year-old can follow.","The sticker book: The sticker book","",""
"552","Another new sticker!","Narrator","Excited discovery: “look at this!”.","The sticker book: The sticker book","",""
"553","Keep playing to find this one!","Narrator","Encouraging and excited: something good is coming.","The sticker book: The sticker book","",""
"554","You found every sticker!","Narrator","Big, genuine delight: smile while you say it.","The sticker book: The sticker book","",""
"555","A hungry caterpillar!","Narrator","Naming it with a big smile, like showing a picture in a book.","The sticker book: The sticker book: naming a sticker","",""
"556","A ladybird!","Narrator","Naming it with a big smile, like showing a picture in a book. Short and punchy.","The sticker book: The sticker book: naming a sticker","",""
"557","A golden butterfly!","Narrator","Naming it with a big smile, like showing a picture in a book.","The sticker book: The sticker book: naming a sticker","",""
"558","Little Bakery!","Narrator","Announcing the game’s name, excited, like the start of a show.","The sticker book: The sticker book: a game’s page","",""
"559","A cupcake!","Narrator","Naming it with a big smile, like showing a picture in a book. Short and punchy.","The sticker book: The sticker book: naming a sticker","",""
"560","A little mouse!","Narrator","Naming it with a big smile, like showing a picture in a book.","The sticker book: The sticker book: naming a sticker","",""
"561","A star cookie!","Narrator","Naming it with a big smile, like showing a picture in a book.","The sticker book: The sticker book: naming a sticker","",""
"562","A birthday cake!","Narrator","Naming it with a big smile, like showing a picture in a book.","The sticker book: The sticker book: naming a sticker","",""
"563","Red paint!","Narrator","Naming it with a big smile, like showing a picture in a book. Short and punchy.","The sticker book: The sticker book: naming a sticker","",""
"564","A puppy!","Narrator","Naming it with a big smile, like showing a picture in a book. Short and punchy.","The sticker book: The sticker book: naming a sticker","",""
"565","Balloons!","Narrator","Naming it with a big smile, like showing a picture in a book. Short and punchy.","The sticker book: The sticker book: naming a sticker","",""
"566","A rainbow!","Narrator","Naming it with a big smile, like showing a picture in a book. Short and punchy.","The sticker book: The sticker book: naming a sticker","",""
"567","Fishing Pond!","Narrator","Announcing the game’s name, excited, like the start of a show.","The sticker book: The sticker book: a game’s page","",""
"568","A turtle!","Narrator","Naming it with a big smile, like showing a picture in a book. Short and punchy.","The sticker book: The sticker book: naming a sticker","",""
"569","A crab!","Narrator","Naming it with a big smile, like showing a picture in a book. Short and punchy.","The sticker book: The sticker book: naming a sticker","",""
"570","Hoppy the frog!","Narrator","A playful sound-effect word: bouncy, matching the action.","The sticker book: The sticker book: naming a sticker","",""
"571","A buzzy bee!","Narrator","Naming it with a big smile, like showing a picture in a book.","The sticker book: The sticker book: naming a sticker","",""
"572","An otter!","Narrator","Naming it with a big smile, like showing a picture in a book. Short and punchy.","The sticker book: The sticker book: naming a sticker","",""
"573","A swan!","Narrator","Naming it with a big smile, like showing a picture in a book. Short and punchy.","The sticker book: The sticker book: naming a sticker","",""
"574","Sparkle the unicorn!","Narrator","Naming it with a big smile, like showing a picture in a book.","The sticker book: The sticker book: naming a sticker","",""
"575","A unicorn with wings!","Narrator","Naming it with a big smile, like showing a picture in a book.","The sticker book: The sticker book: naming a sticker","",""
"576","A royal unicorn!","Narrator","Naming it with a big smile, like showing a picture in a book.","The sticker book: The sticker book: naming a sticker","",""
"577","Ducky!","Narrator","Naming it with a big smile, like showing a picture in a book. Short and punchy.","The sticker book: The sticker book: naming a sticker","",""
"578","Pip the postie!","Narrator","Naming it with a big smile, like showing a picture in a book.","The sticker book: The sticker book: naming a sticker","",""
"579","A parcel!","Narrator","Naming it with a big smile, like showing a picture in a book. Short and punchy.","The sticker book: The sticker book: naming a sticker","",""
"580","A post box!","Narrator","Naming it with a big smile, like showing a picture in a book.","The sticker book: The sticker book: naming a sticker","",""
"581","Letter blocks!","Narrator","Naming it with a big smile, like showing a picture in a book. Short and punchy.","The sticker book: The sticker book: naming a sticker","",""
"582","Nearly time for a rest!","Narrator","Soft and slow, a cosy bedtime voice.","The play timer: Play timer: two minutes left","",""
"583","All done for now! Time for a rest. Bye bye!","Narrator","Soft and slow, a cosy bedtime voice.","The play timer: Play timer: time is up","",""
